,194,210,290,320,484,779,829,831,1463,1464,1996,2029,2327,2416,2470,2493,2755,2756,2779,2900,3526,3614,3806,3832,4395,4447,4840,4993,5264,5383,5629,6230,6256,6509,6588,6750,6793,7056,7446,7525,7727,7825,7842,7897,8048,8288,8290,8310,8445,8694,8794,8869,8872,9166,9244,9849,9989,10489,10628,11343,11418,11424,11659,12279
0,-0.179342115,1.670654054,-1.46396875,2.182497478,-3.006189788,0.32246516399999997,2.319658135,2.399947299,-5.187378761000001,-1.922286065,-8.18818629,-1.233137402,-0.79823776,-3.273820337,-4.10682042,-6.719563653,0.432862765,0.516497312,0.18195912600000003,1.3528427769999998,-0.099052951,1.52011187,-1.651310134,0.014690033,-4.233944931,-1.156193619,0.503115784,-0.7480570320000001,-5.214141816000001,-0.423554991,-1.159539001,-1.109358273,0.145159925,-0.707912449,0.282320581,-0.132506769,-0.182687497,-0.3666835,7.418020091,1.851304674,-2.036029048,2.282858934,-0.028799932,0.941360808,-5.548680002,-0.48042648299999996,-0.590824084,1.219027502,0.760710188,-2.624816256,-0.717948595,0.539914985,-0.774820087,0.001308505,-0.413518846,-1.0859406,-0.641004812,-0.627623285,0.46966196600000004,0.004653887,-4.167037293,-0.88856307,-7.395330789,-3.200221936
1,0.10615642199999999,-0.487499843,1.8838453469999998,-2.639093819,-1.9929596530000002,1.664094133,-1.976560308,-1.579696176,-2.960520968,-2.422622474,1.158994328,0.506300423,0.279989472,-2.1438336209999997,-1.5665767,-2.186471916,-0.25462915399999997,0.211112225,0.555498456,-0.38910377700000004,0.056958389000000005,-0.195591514,-1.4058631259999999,0.43414330799999995,-1.245149551,0.040559044,0.781809408,0.7063724240000001,-1.953601226,-0.11359479199999999,-1.68137211,1.427943575,-0.231670071,1.568977936,0.670293867,1.286909214,0.424303702,0.512860161,-0.7498893520000001,-0.077516235,0.624375703,0.80476849,0.22751157,-2.255349162,1.113076164,0.847406786,0.653894522,-0.152953219,-0.385823908,-2.350465359,1.923203774,-0.08079610400000001,0.6670139979999999,-0.5924556470000001,-0.169352563,2.6775736130000003,-0.835165943,-2.5406977530000003,-0.198871383,-0.26118889100000003,-1.7928876519999999,-0.00535912,0.443982915,2.56933794
2,-0.409316137,1.159596565,0.7390255609999999,0.943825354,3.789079625,0.230683217,1.415596307,1.8069101969999999,-0.504401755,-2.625542471,-5.309882619,1.272967879,0.497654376,0.629311386,0.329425974,-3.207027599,0.30382600000000004,0.52325435,-1.6344577580000001,-1.4406293819999998,-0.295944823,1.232739348,0.197768964,0.014912006,-1.510115026,-0.668973018,-0.032630803,0.120969042,-3.6934271080000003,-0.939601316,0.21971179899999999,0.56714002,-0.189887787,0.340397392,0.515940072,0.7353684220000001,0.24165463399999998,0.212397521,-3.748284195,0.003940589,-0.690915853,-0.105773586,-0.24840201399999998,-2.826685126,0.618339969,-0.17891637,-0.610458791,-0.153316395,2.461538108,-0.24840201399999998,-0.295944823,-2.307371364,0.190454686,4.641193051,0.28554030399999997,1.4375391419999999,-1.79902902,-1.4599139909999999,-0.990801264,2.4030238809999998,-0.153316395,-2.076971597,-0.8262300020000001,0.9803967459999999
3,-2.7426642489999997,0.569115178,-3.3071721060000003,-5.903908247,-1.169569021,-0.6690387210000001,-5.218972047,-4.650700805,-3.894260277,-3.2845917910000004,2.981445419,-2.061491435,-0.804520607,-4.108773262,-0.7104359640000001,4.415295376,0.37718250700000006,0.226647078,-2.622235906,-4.184040976,0.636856121,-1.21472965,2.4959686619999997,-2.012567421,6.989451203,-1.579778064,0.6933069059999999,-0.38678479299999996,1.735764749,-0.827100921,3.327676905,-1.820634749,-0.15345487900000002,-1.5985949919999998,0.26804432100000003,-0.243776136,0.11750889199999999,0.6933069059999999,-0.8797883209999999,-0.288936764,-4.522745691,1.223944292,-0.443235579,-1.222256421,1.235234449,-1.4631131069999999,-3.860389805,-0.620114707,-6.615188146,-0.202378893,-2.7727713339999998,-6.268956661,-0.334097393,1.3406092490000001,-2.464173706,-0.112057636,1.826086006,0.0364052448333,-0.748069821,1.1035159490000002,-0.7330162790000001,0.395999435,-6.637768461,-3.4163102910000003
4,0.179349249,2.210848738,-0.692468346,1.60770449,0.190315508,0.17112455399999998,-0.07287471,2.523387121,0.039529446,1.4459521690000001,-4.68966977,2.646757535,0.072428223,0.16838299,-1.772644862,-4.821264878,-0.31687397300000003,0.472696678,0.135484212,1.6323785730000002,0.302719663,2.2821294219999997,-0.810355631,1.7584905519999998,-3.3024379999999995,0.741370025,1.20469447,0.16838299,-3.9823460610000003,0.121776389,-2.192104271,0.955212077,-0.593772014,0.39867443,-0.32235710300000003,0.26982088600000004,0.7139543770000001,0.0066306690000000005,-3.691740196,1.5446485,1.149863175,3.321182467,-0.034492802999999995,-1.967295961,-1.27642164,1.876377837,2.260196904,0.11355169400000001,2.2545946580000003,-2.3264409440000002,1.5446485,0.557685186,-0.7582659,-0.226402336,-0.14415539300000002,-2.274351214,0.894897652,-1.39705049,-1.983745349,-1.005006729,-2.076958551,-0.29768302,-0.185278865,0.420606948
5,-2.506722746,1.650338963,-2.953194175,-0.8033779659999999,-2.112777367,-1.298623585,-2.3153778480000002,-0.098028145,-1.643794774,-1.212330788,3.9427258810000003,-2.521730189,0.738636802,-2.457948556,0.415976777,1.545286862,0.746140523,1.725376178,-1.8126285080000002,-2.47670786,-0.00047976599999999996,-0.92343751,-0.5707626,-1.9664547980000002,-2.037740152,-1.97395852,-0.131794892,-0.146802335,-2.409174367,-1.3624052180000001,0.11582791699999999,-0.8821670420000001,0.603569815,0.783659131,0.47975841,0.419728638,-0.26686187899999997,-0.446951195,1.03128194,-0.10553186699999999,-1.666305938,-0.083020702,-0.296876765,1.3989642930000001,-0.281869322,-3.752340515,-3.317124668,-2.769352998,-0.40940602200000004,-0.82213727,-2.9381867319999997,-3.395913743,0.896214953,-1.827635951,-0.6795665609999999,-1.486216622,0.082061171,0.044542563,-0.349402816,0.112076056,-1.542494534,-3.0469906939999998,0.11957977800000001,1.143837762
6,-1.010772607,0.767239736,0.315314521,2.4034069369999997,1.367607539,2.017456206,3.544765509,3.290763746,0.038221688,-1.845349828,1.8393251,-0.6281206,0.7969282529999999,-0.45328821700000005,3.597545097,-4.128066973,-0.49287290799999994,-0.357625216,-1.129526678,-1.6441276519999999,0.648485665,1.130099397,-0.324637974,0.608900974,2.789357668,-0.76996574,0.259236209,0.23944386399999998,-0.647912945,0.582511181,0.021728067,-0.700692532,-2.257690353,1.420387127,0.8134218740000001,0.450562213,-0.18279283300000002,0.07120893,-1.9344153819999999,-0.222377523,-0.29824818,-0.5810306046670001,-0.70728998,-0.36897979325,-1.944311554,-2.6667321530000003,-0.09372728,-0.6267805834000001,1.964620385,2.004261309,-1.334047578,-3.765207311,-0.8986159840000001,1.03773512,0.7817309159999999,-2.5479780819999998,4.267186109,-0.5373809254999999,-0.41093310619999995,-1.591348065,0.23614514,-3.455127236,0.30746198275,1.192775157
7,-0.671765924,0.8802430859999999,0.418014316,1.1197923029999999,-2.540924601,-0.799975364,1.727100176,1.43694197,-1.5321187440000001,-0.169049962,-4.933042835,0.13797790699999998,-0.806723229,-0.766236037,-3.205589329,-4.980277892,1.163653427,0.418014316,-0.05096232,1.281741069,0.09074285,0.212204425,-1.85939021,-0.644774463,-3.63070484,-2.230522799,-0.45246030299999995,-0.40522524600000004,-3.701557425,-1.1576122229999999,-0.283763671,-0.810097162,1.0928008409999999,-1.299317393,0.23582195399999997,2.246685801,0.296552741,-0.624530867,6.352761811000001,1.457185565,1.028696122,1.6208859835,-0.401851313,0.47397249225,-2.756856289,-2.318245047,-0.992289524,-0.750175475333,1.4375868222,-2.0112171780000003,-0.681887722,-1.663702117,-1.609719195,-1.548988408,1.37543237924,-1.447770429,-2.291253586,-0.3652060825,-0.622367664,-0.7324967109999999,-2.041582572,0.573215216,-0.11007187880000001,-1.61646706
8,0.20307655100000002,-1.5096502059999999,-0.45141456700000004,0.534572053,-2.771883077,-1.399151706,-0.502413875,-0.349415951,-1.016656896,-3.0226296739999996,-2.899381347,-0.940157934,-0.192168085,-1.4926504369999998,1.490809076,-0.527913529,0.10532787800000001,-1.4204014169999999,-0.553413183,-1.994143631,0.373074245,-1.3779019940000001,-0.761660357,0.147827301,0.538821995,1.563058096,0.8533177270000001,1.614057404,-1.6201487069999998,-0.7276608179999999,-1.284403263,0.449573206,1.5758079230000002,-2.529636364,-0.281416874,2.1622999640000002,0.772568823,-0.35366589299999995,1.707556135,-0.166668431,1.945552905,-3.184127483,1.3718106909999999,-0.7926676340000001,0.31357505199999997,3.0887873910000003,-0.162418489,0.424073552,5.345506766000001,-0.38766543200000003,0.135077474,0.186076782,1.431309884,-1.4073991022,1.822304578,-0.04976047,-6.3715842270000005,-2.7251337110000002,-3.4518738489999996,-2.623135096,-7.332071192999999,1.452559595,-3.6176216,0.513322341
9,0.717278097,0.7844718509999999,-0.059649689000000006,-1.185145076,-1.239740001,-0.578301481,-1.605106041,-0.9268690820000001,-1.672299796,0.215424743,3.4323257369999998,0.09783567300000001,1.122540428,-1.8738810590000001,0.889462092,0.360311276,-0.557303433,-0.8050804020000001,-0.36832099799999996,-0.13104305300000002,0.066338601,0.515696833,1.135139257,0.30991596,1.7839789480000001,0.46110190799999995,-0.439714363,-0.8869727909999999,2.174542646,1.049047259,-0.7609845009999999,0.261620449,1.04064804,0.624886684,0.85376541,-0.385119437,0.406506982,0.809669509,-1.514814434,-0.467011825,1.16663633,-2.7264018180000003,0.244822011,0.087336649,-0.8785735709999999,-0.578301481,0.807569704,-1.237640197,1.601295929,1.790278363,0.584990393,-0.607698749,-0.349422755,0.506873414667,1.922566067,0.939857408,1.9813606019999999,-0.7886535848999999,-0.683291722,-1.571509164,-1.254438635,-0.061749494,0.262594228625,2.170343037
10,2.160157445,-0.132117278,2.62302061,4.768354646000001,-2.3509216580000003,0.49238064299999995,0.63932133,4.933662919,-4.4191118330000005,-0.271710932,-6.318320217,2.277709995,-0.20926113899999998,-3.004807717,-4.029719011,-6.509343111000001,1.1756548390000001,1.906684759,2.215260203,-1.6015241519999999,-0.870494233,1.63117097,-2.630108964,2.013216757,-6.395464078,0.584218573,0.771567949,0.462992505,-4.937077756,-0.650083202,-0.43334568799999995,3.1262924639999996,-0.6941654079999999,1.1536137359999998,0.382175127,-1.1827431929999999,0.044211546,0.198499268,0.286663681,1.825867381,0.980958428,1.509944903,-1.924793665,4.114468587,-4.433805902,2.549550266,2.7332261260000004,0.8964675329999999,1.5760682119999998,-1.292948709,3.541399906,3.177721705,-0.466407342,1.4401865882499998,-1.586830084,-0.675797822,-1.792547046,-1.978105424,0.657688916,0.136049476,0.980958428,2.516488612,-3.4627636944,-1.314989812
11,-0.375481849,-0.984638592,-1.9519259469999999,-5.195183552,-2.176175957,-1.145295315,-4.221202166,-3.096605102,3.322969805,-1.657388621,-6.359944797000001,-0.8507579890000001,-0.064209447,3.369828016,0.551641326,-0.65997813,0.6620928229999999,0.5583353560000001,0.079712201,1.006835376,-0.014004221,-2.276586409,0.153346533,1.281290612,8.403738684,0.370902512,-0.15457885400000002,-0.522750512,-1.82808639,-1.11517218,-0.42234006,-3.019623755,-0.35539975799999995,0.491395055,-0.24494826100000003,1.2411264309999999,-0.378828864,-1.275828903,-2.6815752330000002,-0.064209447,-0.151231839,0.541600281,-0.027392281,-0.8373699290000001,-0.539485587,0.52151819,0.953283135,-0.141190794,-0.02382201296,-1.801310269,0.9967943309999999,-1.941884902,0.0127719,-0.47560727924999996,-0.169352563,1.324801808,-1.2389264402,-1.3193400990000002,-0.7235438145,1.328148823,-5.83446343,1.274596581,-2.28997447,-0.36209378799999997
12,-0.020957303,0.273728959,1.884935665,-7.407249328,-0.755759411,0.373233411,-7.67514593,-5.187534626000001,-2.79560068,7.158671628,-9.573384708999999,-0.859090958,-0.8093387320000001,-2.9027593210000004,-1.241800389,-7.047502462000001,0.7444615590000001,1.961477551,0.863101483,1.842837627,0.300518619,-0.36922288600000003,-2.3133867969999997,0.26607477,-3.0558430939999996,-0.836128392,0.442121109,-0.063055341,-6.30887326,-0.08601790699999999,-0.686871714,0.162743224,-0.7672406940000001,1.0697645759999999,1.529015894,-2.791773586,0.040276206,0.01731364,-5.55493568,0.419158543,0.047930394,3.38898373,0.6219945410000001,0.866928577,0.063238772,0.545452655,-0.273545528,1.4601281959999999,0.7092947758,-1.410192539,0.7023635220000001,-1.40253835,0.60285907,1.468442038,0.4821827735,-0.675390431,0.7357280115000001,1.934687891,1.957505772,-0.667736242,-0.866745147,0.79804088,1.5634597419999998,-0.34243322600000003
13,0.585788954,1.126671725,3.3442910880000003,-4.561612086,-0.213515586,1.418147441,-4.94323493,-3.2364492960000004,-4.777965195,4.263791799,-5.703475714,-0.147407691,-0.183466543,-3.999694985,-2.229806361,-6.012980856,1.36105426,1.054554023,1.27691694,-0.589128621,0.30332795100000004,1.643515262,-3.107238412,0.73002436,-6.0400249939999995,-1.223163425,-1.98340421,-1.706953015,-4.1499401989999996,-0.47794716299999995,-1.382423353,0.249239674,0.6259898075829999,-0.033221329,-1.274246798,-2.512267364,-0.267603863,-2.106605285,1.4602161009999999,1.670559401,5.012012966,5.54087612,-0.357750991,5.853386166,-2.461183991,2.100260714,-0.934692614,3.3743401310000003,1.71527711575,1.309970887,1.036524597,1.928981169,0.9704167029999999,0.8015167494,1.27891239533,-1.86015198563,0.3288037526,-2.0314984841999997,-1.8976978565,-0.529030536,-0.129378266,0.7029802209999999,-1.544156113,-1.13535266817
14,-1.40514937,0.945956136,-1.397097639,-2.049287865,0.9580337329999999,-0.567769327,-2.234477682,-1.115287047,-3.406004569,-2.327072591,2.455655733,-2.367331246,-0.213493155,-3.546909865,-0.748933278,1.65450848,0.29376591,1.449189335,-1.852020451,-2.80212473,0.555447173,-1.868123913,0.639990351,-1.328657924,2.5482506419999997,-2.898745505,0.313895238,0.205196867,1.565939437,-1.308528596,1.2519219209999999,-0.169208633,0.454800534,-0.161156902,0.499085055,1.485422125,-0.5154330739999999,0.285714179,-2.343176053,0.20117100100000002,0.716481797,2.0450174430000003,-0.463096821,-0.2901852845,0.833231899,-3.6435306389999997,-1.099183585,-1.819813526,-0.363398699667,1.4652927969999998,-1.634623709,-2.371374184,-0.7529591440000001,-1.09065608,-0.104292981667,-2.246555279,-0.905942037,0.732585259,0.974137195,-0.628157311,-0.69257116,-2.0009774780000003,3.4983549210000002,-0.7851660690000001
15,-2.509488288,0.816894652,-3.610008016,-2.575684963,-0.010563791000000001,-0.85043411,-1.950953839,-0.089172343,-3.862382841,-3.1755923339999996,-1.007651214,-2.5219001640000003,-0.6021965770000001,-4.3216222769999995,-0.515313441,-3.9906388999999995,0.903777788,1.454037653,-0.974552876,0.667952132,0.088731222,-1.363458345,0.66381484,-3.2128279639999997,-1.0159257990000001,-0.9124934929999999,-0.337409876,0.01012267,-0.9373172470000001,-1.5454992019999998,-0.486352395,-1.760638397,0.787933606,0.62657921,-0.618745746,0.5810689960000001,-0.751139097,-0.424293012,-1.119358104,-0.051936712999999995,0.932738834,1.305095133,1.263722211,-1.624107754,-0.180192772,-2.207465956,-2.9232175089999997,-2.070935313,-0.797703732889,0.6224419179999999,-2.75772582,-3.854108257,-1.251751455,-1.102808935,-0.552734609917,-0.43000964924999996,-0.039524836,-3.01837523,-1.0159257990000001,2.351830063,5.698899462999999,-2.604646008,-1.4544787730000002,1.8098447830000002
16,-1.381394381,-0.40733345299999996,-4.62044036,-3.169128695,0.801440952,-2.171596419,-3.3412519119999997,-2.187243985,-4.0375685589999994,-3.266925977,2.733915244,-2.977446023,1.114392254,-4.064951798,1.423431665,4.58815171,-0.141324846,-0.30562428,-3.0087411530000003,-2.496283396,0.26551184699999997,-0.192179433,-0.626399365,-2.578433112,7.995409013,-2.01903266,-0.528602083,-1.131033339,2.002391575,-0.36821454,0.351573455,-3.278661651,-0.149148629,1.337370057,-0.10220593300000001,2.127572095,-0.923703102,-1.416601403,-3.630731866,0.719291235,-1.048883623,-2.504107178,-0.849377167,-0.262593476,1.290427362,-2.7114374160000003,-3.482079998,-1.893852139,-0.907498787333,0.42589938899999996,-2.35545531,-5.461496985,0.277247521,-0.141324846,-0.516543283,0.494079363,-0.035703782,0.821000408,-1.545693815,-0.22347456300000001,-0.133501063,-2.5314904169999997,-0.415157235,1.5681716430000001
17,-0.075089966,0.7125606809999999,-1.159168275,0.650452028,-1.034950968,-1.495119625,0.498003515,0.66174451,-2.062566865,-0.39410259299999995,-0.913556783,-2.401341337,0.156405923,-1.774608564,-1.08859026,0.819839263,0.791608057,0.356847486,0.111235994,0.650452028,0.9525259309999999,-1.018012245,-0.382810111,-2.08515183,2.242692044,-1.255154375,-1.23256941,-1.001073521,0.12535159699999998,-0.45903436700000005,-0.498558055,-1.6673299819999998,1.023103946,-0.45903436700000005,-0.701822738,-0.09767493,0.049127341,-0.823216924,5.819585839,1.282831041,1.158613735,0.26368450600000004,0.599635857,1.4550413969999998,-0.385633231,-3.1099446060000004,-0.611482879,-1.616513811,0.50204659944,-0.577605432,-2.0032813330000003,-4.278716533,-0.385633231,-0.125906136,2.2679110395,-1.3682776966699999,-3.451542199,-0.176722307,0.116882235,0.128174717,-1.80001665,-0.8599174909999999,1.04286579,-0.24165408100000002
18,0.73680908,-0.7738075329999999,0.371207719,-1.336271165,-2.621902324,0.523876419,-2.308529729,-0.641226819,-2.300494535,-2.336652911,-2.53753278,0.9135833640000001,0.314961355,-2.412987261,2.7616781560000003,-0.17920312100000002,-0.5608748720000001,0.32299655,0.102028695,-4.092342963,-0.006446434,-0.504628509,1.9702114730000002,0.79707304,1.849683552,1.628715696,0.045782330999999996,0.194433434,-2.758500635,0.44352447100000003,3.838394252,1.785401994,-0.235449485,0.053817526,-0.605068443,1.4961349830000001,-0.9224586359999999,-0.18723831600000002,-2.360758495,-1.850523629,0.314961355,0.710140941667,-0.757737143,-1.29847396156,-0.725596364,3.022821985,1.2912375170000001,1.158656804,-3.6182664730000003,2.850065298,0.407366095,0.7046683009999999,0.957776935,0.5720875870000001,1.190797583,-2.549585572,2.323760042,-0.938529025,-3.706653615,1.030093688,-1.1996728540000001,0.310943758,1.709067644,1.484082191
19,1.078860307,0.280310642,-0.95657335,-1.295088969,1.026780981,-1.703043689,-2.024199533,-0.49219936,-2.566692512,-0.7786356529999999,-4.810443473,1.0701804190000002,-1.173570542,-3.0050268389999997,0.644865924,3.995302562,0.032933843,0.302010361,0.150112327,0.853183228,0.58410671,-0.014805539,-0.418420315,1.62569323,4.303438573999999,1.235098285,-1.177910486,-1.260369419,-2.8314290860000004,-0.296901888,4.017002281,0.5016477770000001,0.926962273,-0.596358012,-0.479179529,-1.4252872840000002,0.34974974299999995,-1.520766048,5.779019477,0.740344688,1.690792387,0.252808502083,-0.296901888,-0.0167736575833,-0.249162506,-0.053865033,1.222078453,0.245591091,-0.665797114,-0.7959954290000001,0.614486317,-1.0086526759999999,-0.9999727890000001,-2.3453553769999997,0.601466485,-2.3930947590000002,3.101274133,1.183018959,-3.4997804360000004,-1.42094734,-1.112811328,1.434735701,1.226418397,0.158792215
20,1.7616725569999998,-0.166818348,-0.583448134,5.542903496,-2.6318779169999997,0.035183973,6.038440437999999,2.080457469,-3.0990082830000003,-1.0095467790000001,-3.556669791,1.7774539880000002,-0.529791268,-2.9696005469999998,-4.320491066000001,-3.76814097,-0.9811402029999999,-0.20469378300000002,1.2219476059999999,4.76330079,0.622253217,-0.48560326,-2.357281012,1.8405797130000001,-3.4020117639999996,0.656972366,0.293999446,0.533877202,-3.74289068,-0.716012157,2.481305824,0.5938466410000001,0.06359054900000001,0.83056811,-0.245725505,-2.186841554,0.013089969,0.38868803399999996,2.272990931,-1.176829951,1.446043931,1.3229487659999999,-1.0663599320000001,-0.040765096,-4.333116211,1.016788999,3.866915492,0.549658633,2.929498473,-3.32941718,1.922643156,2.935811045,0.211936003,0.66494075785,-2.417250451,2.181458629,-2.2531235659999997,-3.430418341,0.38868803399999996,-0.728637302,-1.429332852,0.9978512820000001,0.694847801,-0.813857031
21,-0.270496373,0.3807278,-1.5097957080000002,-1.72292362,-0.941454612,-0.5507201079999999,-1.371657247,-1.324295489,-2.587275704,-3.8542027310000004,4.686700968,-0.996709996,1.2490266970000001,-4.067330642,-0.870411975,3.597380533,0.14391901,0.45966406299999996,-0.6730713159999999,-1.470327577,0.510972634,-1.72292362,1.280601203,-0.641496811,5.6970851389999995,-0.459943405,0.195227581,-0.6730713159999999,0.04524868,1.205611752,0.447823624,0.54254714,3.1395502060000005,1.620027135,0.487291755,3.26979504,-0.98881637,-0.984869557,-2.413615924,-0.621762745,-1.280880545,1.075366918,-0.530986042,0.47131509137500005,1.304282082,-2.003147355,-0.9256673590000001,-1.190103842,-1.620306477,3.005358558,-1.517689335,-1.288774171,0.21101483399999998,-0.768811909667,-1.916317465,1.391111971,1.406899224,1.7778996619999998,1.50162274,-0.073155715,-2.018934607,-2.879339878,-2.350466914,-0.381007142
22,-2.3084116530000003,1.170213908,-2.479849293,-4.512164585,2.3110534730000003,-0.690663745,-3.0128645,-3.736019635,-1.931248846,-2.87259734,3.7106080230000003,-3.224823764,-0.132712154,-4.057075578,1.282427635,-1.6444804309999999,0.606028221,1.298012875,-1.850205598,-5.070116176,-0.120243962,1.338534499,1.9463588580000002,-1.6444804309999999,3.230582632,-2.25230479,-0.637673929,-0.098424626,3.271104255,0.649666893,2.03675325,-0.936910536,0.029374342,-0.45065104899999997,-0.15141444199999998,-2.592063021,-0.531694297,0.297440469,-2.2928264130000002,-1.554086039,-0.09219053,-4.066426722,0.553038405,0.9718057393330001,0.185226742,-3.019098596,-0.4610438715,2.710035617,4.0143458035,1.796740554,-3.025332692,-1.5831856162,0.238216557,0.437707629,-1.488628031,-0.17946787399999997,-0.06102005,2.289234137,0.7949861278,0.7556465240000001,-0.709366033,-1.554595984,0.8803284440000001,0.587325933
23,-0.409160499,-1.337058907,-2.61963663,-5.922811658,-2.014173962,-0.763839814,-4.127919371,-3.855640301,-3.8269793460000003,-5.435575428,3.155545741,-1.294067475,0.45783338,-3.80548363,-1.0468667409999999,2.67547475,0.267954555,0.67637316,-1.451702726,-4.56499893,-0.115385714,-3.723083385,-0.455734551,-0.043733327,-2.766524023,-3.16061215,0.56531196,0.44350290299999995,-0.491560744,-2.010591343,0.862669365,-2.730697829,0.307363368,0.8447562690000001,0.67279054,1.600688949,-0.5524652729999999,0.422007187,-2.709202113,-0.599039324,0.099571447,0.199884788,-1.6021727380000002,-0.7814762538750001,1.521871323,-2.702036875,-0.105500867333,0.060162634000000006,-0.392008662917,1.009556758,-1.469615823,-1.00234786817,0.160475975,-0.563213131,-0.12255095199999999,1.883715876,-3.991779836,-2.189722309,0.141954332,-0.921475064,-0.72801362,-0.1718378832,-0.49514336299999995,0.214215265
24,-1.388531694,-1.644206314,-2.6533050780000003,-4.445747356,-1.695885226,-2.8600207269999998,-3.1184152889999996,-2.857300785,1.6632440819999998,-0.0149606,-3.733122353,-5.724120452999999,-1.66052597,0.784702571,-1.432050778,-2.005958701,0.482788925,-0.327754018,-1.067578449,3.5291248160000004,0.5752669779999999,-2.1229162390000003,0.5154282379999999,-3.480167677,-1.233494957,-1.535408603,-2.936179125,0.04487814,-3.629764528,0.390310871,-0.04759991400000001,-7.02153315,0.466469268,-3.817440579,0.569827093,1.067576618,0.183595221,-2.514587997,2.250751718,0.322312302,-4.002396686,0.099276995,-0.403912415,0.21066605925,-0.888062226,-1.940680074,-1.5147041826700003,-3.852799835,-0.793266144664,-4.856458713,-2.8518608989999996,-2.9066971285000003,-1.3259730109999999,-2.5118680540000002,2.226272234,-0.975100395,-7.440404335,-1.714924825,-0.494274766125,-0.31959419,1.203573756,0.21800041399999998,-1.9298003030000002,-3.629764528
25,-0.969020452,0.6612074410000001,-1.991061779,-5.856105392000001,1.978345209,0.24015520399999998,-4.6937133189999996,-3.981163379,3.853287222,-1.3864739519999998,-3.808423999,-2.005456728,-0.03694755,1.5392992859999999,1.193820527,-3.7940290510000003,0.646812493,0.513659221,-1.0949762490000001,-1.6239905980000002,-0.6955164340000001,1.121845786,0.17537793699999998,-1.2065370979999999,-2.879949835,-0.166502085,-0.598350533,-0.033348813,-2.372527909,-0.9726191890000001,0.26894509999999994,-0.558764426,-0.033348813,0.427289532,-0.245674301,2.215861855,-0.008157654,-0.065737447,-4.924032491,0.36970973799999995,-0.497585895,2.244651752,-0.350037676,1.039074833,-0.065737447,1.517706864,-2.38332412,-1.2459134596700001,0.21405720408300002,-0.20968693,-0.580356848,0.22216151899999997,-0.7674911759999999,-0.10892229199999999,-1.5963983115600002,0.621621333,-2.17459737,-1.300104262,-1.746347659,1.7840134069999998,2.11149848,-0.5347863224,0.38410468700000006,0.168180462
26,-1.7602047859999999,-0.000115759,-1.637229134,-6.656172954,0.311166361,-0.511233315,-5.991335833,-4.492570067,-0.32676983600000004,-2.259793375,5.11490279,-2.9438454419999998,0.476414895,-1.837064569,3.585393111,-2.352025114,-0.676481848,-0.11156244400000001,-0.991606958,-5.261167895,0.015256196999999999,3.27795398,-0.003958748,-2.644092289,-5.088233384,-2.083015874,-0.073132553,0.0498431,-0.6380519570000001,1.225797777,2.048197454,-2.309752234,0.18819070899999998,-0.599622065,0.280422448,-0.6726388590000001,-0.138463368,0.35343924200000004,-5.557078059,-2.924630497,-0.123091412,-3.416533107,-0.565035163,0.330381307,1.93290778,-2.4250419080000003,-3.189796748,-0.133665899333,2.9530690479,1.314186528,-2.467314789,-1.379748861,0.437985003,1.402575278,0.130091548167,-1.110739621,3.988906971,3.174193273,1.9021638669999998,0.8491848409999999,0.31885234,-1.4347733185,-1.106896632,-0.299868912
27,0.03647859,-0.125235054,1.408256397,-3.8864713560000004,-0.610375985,2.356232929,-5.726661096,-4.550054929,-2.860426167,-0.841793786,-7.642131326,1.299517912,-0.309254028,-2.37249707,-4.471986273,-9.552025223,-0.022072902000000002,0.477008861,1.9129144919999999,1.664767694,0.529984021,2.311622269,-0.09177705800000001,1.684284858,-5.757330925,-0.46539133899999996,-0.735843467,-0.8362174529999999,-5.838187747,-0.8139121229999999,-1.812075649,-0.097353391,1.179626762,0.17031057100000002,-0.490484835,-2.01282362,-0.995142931,-1.3018412209999999,-2.185689929,1.8543630000000002,0.22328573100000002,4.190846337,-0.22560903899999998,1.162897765,-5.927409067999999,1.246542753,0.50767869,2.021652977,1.882244663,-2.6931361910000002,0.7948598159999999,1.71216652,1.4221972280000001,3.0560626639999997,1.48074872,-2.1048331069999997,-1.02537183967,-1.8042482986700001,0.505346305333,-1.31020572,1.430561727,1.801387841,-4.011938838,-0.819488456
28,-1.0153300109999999,2.532312148,-0.8404462429999999,-3.0598045419999997,-1.0028383140000001,0.09643108800000001,-3.638586538,-2.547644935,5.800973057999999,-3.57196415,-6.557479911000001,-1.123591392,0.37541233799999996,3.398403192,3.773154124,-7.1487536039999995,0.433706927,1.737007392,-0.661398575,-2.268663685,0.067283793,-0.390745124,-0.57812059,-1.0902801979999999,-5.104279073,-2.093779917,-0.319958837,-0.24084475100000002,-3.884256593,-0.432384117,0.158889577,-1.602439805,1.8702521680000002,1.986841347,0.554460005,-3.3804247839999997,-0.57812059,-1.340114153,0.450362524,2.269986496,-1.5358174169999999,3.1402414380000003,-0.311631038,-1.6815538909999999,-0.35327003100000004,-1.365097548,-2.172894002,-0.728020963,-1.581620309,-0.30330324,-1.327622455,-0.615595683,0.146397879,0.20469246800000002,-1.2610000670000001,-1.90640445,-0.706091722,-2.3511026344,-1.0587079936,-1.406736541,4.089610467,-1.169394284,3.015324461,0.42537912899999997
29,-2.3068774359999997,1.355239713,-1.650975857,-5.469260048,0.711050662,0.234741182,-7.948411849,-6.304753725,-2.529415471,-3.849026981,3.611853478,-3.8607395089999996,-0.452393805,-4.2862947,-3.439088494,1.624627861,1.253731135,1.972099531,-0.19081400899999998,-3.6382014739999997,0.141040957,-2.330302492,-0.7530153620000001,-1.670496737,-1.323025067,-1.5767965119999998,0.800846712,-0.034646966,-0.534381502,0.550979444,-2.455236126,0.20350777399999997,0.299597213667,0.16056183699999999,0.344058112,-4.063756665,-0.081497079,-0.304035115,-4.809454293,0.152753485,-2.34201502,-0.069784551,-0.8584281159999999,-0.526271794,-0.428968749,-1.8578971880000001,-2.908120549,-0.835003059,0.48494830736,-0.34698105100000004,0.691529782,-0.258134482333,0.383099873,1.468442038,-1.010690982,1.036476377,0.542937850472,-0.5204147396109999,1.6363403890000001,0.773517479,-0.8974698759999999,0.1052183482,-0.928703285,-1.178570553
30,1.8827130930000002,0.809099115,0.9991903679999999,-3.354167056,0.34591902,-1.319387448,-4.738352657,-4.157369533,-1.038266581,-1.9512400630000002,2.193284717,0.436948635,1.716717914,-1.388998329,0.461044709,-0.37696320899999997,-0.534926362,0.988481002,-0.524216996,-2.5456098959999998,-0.5857958529999999,0.238825357,1.665848424,0.471754075,3.968362191,0.217406624,0.570815714,-1.375611621,1.5185946369999999,0.8599686059999999,-0.32609371800000003,-1.8307596919999998,0.14552800800000001,-0.406413966,1.869326385,-0.315384352,1.639075008,2.0861910530000003,-2.23236093,-0.840143304,0.9322568290000001,-0.90172216,-0.8615620359999999,-0.534130632729,1.395436923,-1.7370527359999999,-1.935176014,-0.7009215409999999,2.51045005637,-3.102496946,0.825163165,-1.44990357803,-1.496091993,1.06967049993,0.13708637699999998,-0.0875123515,0.563914451833,-0.512074402733,0.5520743229999999,-2.75444254,-1.868242474,-1.5784664882,-0.010167411,3.925524725
31,-0.265890766,0.079851586,0.22362563300000002,-3.7541230110000003,-1.159343775,-0.348047365,-4.2710249430000005,-2.165762107,3.886440649,-2.617623398,-5.280866466,-2.097298274,-0.070768845,3.646817237,0.11408350199999999,-4.401106223999999,0.312628615,1.3190469459999998,-0.8786420640000001,1.548400784,0.120929885,2.746517845,0.702872457,-3.268029803,-4.6715383610000005,1.2711222640000002,0.22020244100000003,-0.52947652,-2.590237865,-0.666404184,-1.5393180430000002,-2.34376807,0.11029014633300001,-1.207268458,0.18254733399999998,-0.5534388610000001,0.391362021,0.007964562,0.162008184,2.1406129309999997,-1.207268458,3.431156166,0.911687145,0.514196499312,-0.8786420640000001,0.586483943,0.654947775,0.007964562,1.04909202331,-7.050656525,0.504327344,-1.4319708371700002,-0.289853108,-0.952485491313,-0.625325885,-0.6954437264,-1.5021408862999999,-0.648154305083,-2.439617435,2.2159231459999997,1.452551419,0.6853737658,-2.090451891,-1.778941455
32,-1.364604051,0.46698893,-2.246793331,-3.750716008,-1.709077961,-2.736898487,-3.88234425,-2.252394533,-3.25220905,-1.5746491180000002,-2.190781313,-4.632905288,0.13091682300000002,-3.1653904219999998,-2.608070846,-1.26658302,0.766653225,1.1587373490000001,-2.039548865,-1.160160186,0.534203351,-1.216172204,0.444584123,-1.185365594,0.46698893,-1.924724229,-0.31717931899999996,-0.7260670490000001,0.6490279870000001,-0.188351678,-0.488015973,-6.134027364,-0.19115227899999998,-1.168561989,-0.420801552,0.534203351,-0.51042078,-1.070540958,1.080320524,0.6490279870000001,-0.709263443,-1.199368599,0.707840606,1.183942757,-1.723080965,-2.17957891,-3.3110216689999996,0.139318626,0.733046014,0.018892788,-1.5746491180000002,-4.515280051,-1.521437701,-1.2731203205,2.24709163675,-0.263967902,-3.469334298,2.049328432,-0.333253398375,-0.017515024,-4.6665124989999995,-0.266768503,-2.300004748,-2.7817081010000004
33,-0.505383131,0.223800411,-0.731681472,-5.408513844,-0.932835552,0.0938884,-6.045501766,-5.777296325,-4.251877881,-3.96271889,-8.480304282999999,-0.20784272,0.6302992820000001,-6.963267257999999,-3.543647889,-5.676719285,0.743448452,0.814690522,-0.459285321,0.424954491,-0.04021432,-0.7065372120000001,0.7853555520000001,-1.129798923,-5.923971176,0.345331001,-1.234566673,-1.582395604,1.5648276140000001,-0.597578751,-1.754214715,-1.263901643,-0.526336681,1.548064774,-0.5347181010000001,0.848216202,-1.071128983,-1.6620190940000001,-4.582943972,-0.12402852,-1.314190163,-1.209422413,-0.497001711,-1.171706023,-1.330953003,2.268866896,1.941991515,-4.7715259230000004,-0.9831240729999999,1.921037965,-1.138180343,0.508768691,-0.937026262,-0.453084671667,-0.249309238185,2.101238496,-0.7011764045000001,2.662793637,0.1330045376,-1.184278153,-1.846410335,1.594162584,0.11065124,-1.364478684
34,-0.41569569100000003,0.719332799,-1.2326270240000001,-2.823112805,-1.185635398,0.271104988,1.7242306330000001,0.668726433,-3.13036574,-0.462687316,-6.427008995,-1.5290357369999998,0.11205640900000001,-2.859260209,-5.530553372999999,-6.394476332000001,1.3338386690000001,0.8133160490000001,-1.7784528259999999,1.4965019869999998,-0.025303726000000002,2.721898987,-1.886895038,0.065064784,-5.244988881,-0.592817971,-0.036147947,-0.697645443,-3.065300412,-1.8543623740000001,-1.6194042480000002,-3.8677727839999996,-0.216884968,-0.23857341,-0.697645443,0.6217348070000001,0.18796595800000002,-0.187967045,0.39762090200000005,2.711054765,-0.08675431300000001,7.75723238,-1.312151313,1.236240677,-3.990673958,-0.7265633659999999,-1.46758515,-1.456740929,2.04955727,-2.3206638880000003,-1.2326270240000001,-1.4386672269999998,-0.7048749240000001,-0.5914771475,1.1881179599200002,-1.297692351,-1.2679792025,-0.910915127,-0.498239455844,0.668726433,-2.2339101180000003,-0.075910092,-0.303638738,0.502448374
35,-0.34244682600000004,0.25752261,0.69613663,-4.069529686,0.034806683,-0.953779319,-3.87863032,-3.75818191,-1.3969385619999999,1.834714991,-5.901254555,-0.081096503,-1.5560213669999998,-1.96963666,-1.081045563,-3.5445564289999996,0.507509875,0.425695861,-0.251542366,3.7437086510000004,-0.42880606299999996,2.33241691,-2.492337305,0.171163373,-3.699094011,-1.75828379,0.280248725,0.430241084,-4.146798477,0.659774846,-0.0015551010000000001,0.298429617,0.12116592,0.7529519170000001,0.03026146,-1.433300346,0.548416882,0.271158279,5.561797851000001,1.1847481020000001,0.037079295,-1.12258624717,0.437058919,0.660272113,-2.7536876269999997,-1.5173869709999999,-0.44016912,-0.047007331,3.7596169319999997,-1.967364048,-0.437896509,1.262016893,0.8143124279999999,1.7738979235599999,1.1129889122499999,-1.185585692,0.889308607,-0.992763642983,-2.8514099219999998,-0.401534725,0.905216888,0.24161433,0.6984092409999999,0.400697135
36,-0.7068634429999999,1.15750975,0.365853796,-2.224594384,2.928195848,0.272166701,-2.931931952,-2.67429244,-5.887759803,-3.212993237,-7.869241865,-1.44230714,1.0778757190000001,-5.93460335,1.808635061,-6.112608831,-0.018263294,0.468909601,-1.62968133,-3.1802027539999997,-0.257165386,-0.992609083,2.244280053,-1.5968908469999998,-2.1590134169999997,-1.564100363,-1.114402307,-0.154109582,-3.358208235,1.185615878,-0.041685068,-0.397696029,-0.85207844,0.197217025,0.15505783199999998,0.8623953999999999,-0.528857962,-0.655335541,-0.022947649,-0.6881260240000001,-1.367357463,0.947106147583,-1.231511176,-0.7927865353129999,-0.069791196,-1.4750976230000001,-1.3767261730000002,-2.3604406719999997,-0.7818131190000001,-0.032316357999999996,1.24651249,0.131636058,0.122267349,-0.2897978194,-1.4886155538899999,-1.545362944,-0.749022636,-1.33690376175,-0.542911026,0.033264609,2.459760372,-0.6928103790000001,-0.219690548,-0.524173607
37,-0.04073198,0.5503674120000001,0.620402885,-5.539917326,0.40469362799999997,2.556183361,-4.74991719,-4.077576649,-2.057753605,-2.971016174,-3.21473962,-0.012717791,0.079729033,-1.704774821,-1.197717996,0.104941804,-0.44973914299999995,-0.634632792,0.471927682,-1.329384685,0.541963156,1.006998697,-0.909171847,2.242424442,-4.727505839,0.8277078859999999,0.8445163990000001,0.287034034,3.57309843,3.393807619,-0.69346259,0.27862977699999997,1.612105184,-0.27605117,0.6568213310000001,-2.119384821,0.449516331,1.037814305,-4.738711513999999,-1.469455631,2.567389037,-1.755200361,-0.360093738,-0.569353693596,0.16657302,0.413097885,-0.671051238,0.575580183,1.2970565502299998,-1.127682523,-0.32647671100000003,-0.6654484,1.219906535,0.5054558469,0.7379707914,1.3743186512999999,-0.007114953,-0.079951845,0.8137007909999999,-0.245235562,0.197388628,-0.74388813,1.682140657,0.65962275
38,-2.153013301,-0.8247002929999999,-2.012368394,-5.109681785,-0.9622197570000001,-2.418675902,-4.803388432,-3.937640895,5.63558909,-2.1811422819999997,-8.882090728,-3.518831617,-1.5154230569999998,6.148161639,-0.818449408,-5.087803688,0.209821132,-1.0216031620000001,-0.827825735,2.491394064,0.919296551,-2.293658208,-0.062092354,-1.899852469,-3.7188599289999997,0.7223936809999999,-1.8810998140000001,-2.390546921,-2.874990489,0.066050783,-0.155855625,-5.434727791,-2.4905610769999997,-3.6657274089999996,-0.30900230100000003,1.11619942,0.412974887,-0.9403416609999999,-0.380887476,0.166064939,-3.1062732239999997,2.39450535,0.012918263000000001,0.21344381845,-0.130852086,1.72253524,2.71017503,-3.4156920189999997,-0.395148100656,-2.574948021,0.025420032000000002,-5.097180015,-2.5249409430000003,-0.6116597867920001,0.9124551601880001,-0.311580067333,-4.403331809,-0.9715960840000001,-1.0309794890000001,-0.008959834,-6.519256294,0.7692753170000001,-1.4310361130000002,-3.900135587
39,-0.619782104,-0.169813945,-2.061033499,-3.475219141,0.608326479,-1.7362444519999998,-4.530783543,-2.822257828,-1.705795479,-1.678729725,-6.834755844,-1.4013057480000002,-0.464154019,-1.381006432,1.89394979,-0.22394545300000002,0.39856688700000004,0.912816211,-0.511519088,-0.6062492270000001,0.256471679,-3.387255441,1.599609716,-0.9107389579999999,-0.09538312199999999,-2.240344119,0.019646332,-0.311909153,1.731555266,-0.934421493,0.787637099,-1.65843041,0.493297025,0.192190513,-0.06493414900000001,-3.116597902,-0.207029357,-0.396489634,-0.261160865,-0.734811558,0.38165079,1.785686774,0.445931956,-0.2901852845,1.163174434,-1.939237607,-0.890439643,-0.555500938,-0.372192706533,0.7301223720000001,-1.117115332,-2.162530076,-0.196879699,-1.26647039633,-0.0982069915556,-1.8663859505000002,0.6353922329999999,-1.5535506140000002,-0.585949912,0.259854898,-1.286276294,-1.8715732219999999,0.07039462099999999,-0.738194777
40,-1.01560163,0.309313552,-1.7016536,-4.565648335,1.329316747,-0.15531423800000002,-5.066575171,-3.6726918019999997,2.995442961,-2.11909263,-1.933967495,-0.993822202,0.661414299,-1.84321988,-1.668984459,-6.209995123,1.209529895,2.156934997,-1.349552853,-2.8487034560000004,0.552517161,0.091519276,-0.696170024,-0.9575231559999999,-5.077464885,-1.66172465,-2.1916907219999997,-1.396741613,-3.799738463,-0.33680946799999995,-0.6598709779999999,0.073369753,-1.011971725,0.45087983200000004,0.011661373999999999,-0.547343935,-0.075456336,-1.178947337,-1.026491343,0.893728194,-0.6163121229999999,3.51451932,0.6686741079999999,0.200416414,-1.502008847,-1.33866314,-1.117238959,-0.496525271,-1.3858518990000002,-2.021085206,-0.92122411,-0.77965783,-0.783287735,-1.6290555080000002,-0.621319288704,-2.2207299590000003,-0.8486260179999999,-0.858486307083,-0.050047004000000006,-0.017377863,-1.912188068,-0.22195926289999998,-0.61807712056,1.038924378
41,1.4808311859999999,-2.613371126,-0.47178837799999995,-4.539342037,-0.7285845000000001,-1.717007306,-3.936113412,-3.7544180430000003,-3.11242774,-2.7902212860000004,-1.055636164,0.443956281,0.228344443,-2.942845395,-1.1331595209999998,1.885406208,0.38823636799999994,-2.468014831,-0.10112982599999999,-0.9030120540000001,0.63534207,-1.736388146,-0.074481172,0.21623141899999998,-3.051862617,0.9430128940000001,-2.266938623,0.28648696100000004,-0.34823552700000004,-0.210147047,-1.026564905,-0.859405165,-3.105159925,-1.048368349,0.327671245,-0.27555738,-0.10112982599999999,-1.702471677,-1.339080939,-1.188879434,1.136821288,-2.148230982,1.652836136,-0.7479653390000001,1.892674023,2.9586201869999997,1.289445398,0.40761720700000004,-1.4965502590000002,-5.130457637,1.6479909259999999,0.40277199799999996,0.141130666,0.7492045009999999,0.3367487555,0.618383835,-1.077439608,-0.552144505,-0.607454254,0.233189653,-3.705965945,1.85888527083,-1.1829197595999998,-3.778644092
42,-0.683521805,-1.122919092,-2.461390826,-3.6443835210000004,-0.16976497699999998,0.519750765,-3.286105734,-2.6675695530000003,-4.918635653,-5.0234150060000005,-0.6767618470000001,-1.7752550630000001,0.7664892409999999,-4.0297011419999995,-0.19680481,4.497986199,-0.021045896,0.18851281,0.38793157899999997,-5.327613127,-0.629442139,-1.785395001,2.297619787,-1.170238799,-0.8626606990000001,0.496090911,1.6959835019999998,1.3850254219999998,1.567544295,0.144573082,-0.886320553,-0.321864038,0.945628135,1.821042729,0.7969090529999999,1.672323648,1.4864247959999999,1.4999447119999998,-2.13691283,-2.491810639,-2.116632955,-1.1600988620000001,-0.064985624,-2.0895931219999997,1.425585171,0.046553687,1.141666925,1.614864003,-1.98143379,1.699363481,1.148426883,-1.6028761280000001,-0.190044852,-1.1769987579999999,0.790149095,2.00182923426,0.8340888240000001,3.463712586,0.964500187667,1.81766275,2.138760767,0.398071516,-1.01137978,0.303432101
43,2.386411297,-0.47514820700000004,0.192220662,0.192220662,0.37445422700000003,2.08350956,2.260817894,1.0664492540000001,-2.036446595,-1.260722632,-2.9648527330000003,1.132939879,-0.012176446,-1.16960585,-3.422899263,-2.36397449,-0.8076013340000001,-0.10083061300000001,1.6353134930000002,0.43848223700000005,-0.679545315,0.7610849009999999,-3.164324609,1.630388261,-4.804426701000001,-0.551489296,1.551584557,1.935752615,-2.861422872,-0.502236981,-0.696783625,0.354753301,-1.248409554,0.049388947999999995,-0.295377257,-1.588250528,0.967944624,1.93821523,2.8641587530000003,0.519748557,1.583598562,-3.287455397,-1.6892177730000002,-0.320003415,-3.9449738030000003,0.69213166,1.610687335,-1.329675874,1.359500529,-1.615339301,1.494944395,1.4703182369999999,0.84235122,2.329771135,0.92361754,0.1980228175,-0.42589589200000005,-2.3393483319999997,-0.597976232667,-1.6892177730000002,-1.066175988,1.554047173,-3.0165676639999996,-1.684292542
44,2.43069137,-0.989013184,0.705999488,-5.5629092479999995,-1.3847359869999998,-1.137409235,-4.316382418,-2.6246674359999997,-2.7664681069999997,-5.051767293999999,2.0745408480000003,1.332560593,-0.243735239,-1.4770713080000002,2.061350088,1.642543455,-0.36245208,-0.7779610229999999,2.694506572,3.6607297489999997,0.551008057,-1.183576896,-0.965929354,2.2625091790000003,0.280597475,0.705999488,0.19155984399999998,0.8576932290000001,3.80253042,-0.035980767000000004,0.013484583,0.37623048600000003,0.392718936,0.158582944,0.877479369,0.010186893,0.531221917,-0.28660520899999997,-5.793747549,-1.190172276,0.250918265,1.4677658830000002,-0.774663333,-1.25977047222,2.638445842,3.822316561,3.2122439060000003,2.816521103,-0.179440142183,1.055554631,1.642543455,2.6450412219999997,0.010186893,1.075340771,-1.223149176,1.860190996,0.49824501600000004,-0.847212513,0.500592513933,-0.052469218,-2.110227792,2.272402249,0.419100456,-1.948640981
45,1.059591881,-0.482378474,-0.451477265,-0.355683515,-1.8234909680000002,-0.20426758899999997,0.305602368,0.123285232,-3.937133699,-3.102801042,1.897014659,0.871094503,0.256160433,-4.029837328,-1.721516976,1.9248257480000002,-0.219718193,0.503370109,1.1183041790000001,-2.7845185839999997,0.33650357799999997,-0.24443916100000002,-1.6133627430000002,1.047231397,-3.056449228,-0.952076859,0.135645716,0.438477569,-0.69559682,-0.028130693999999998,0.37049490799999996,-0.34641315200000006,-0.30624158,0.509550351,0.039851967,2.688085623,0.008950757,-0.507099442,0.614614464,0.31178261,-1.4804875419999999,1.066932892,-0.905725045,-0.8909131827750001,-0.79139057,-1.3507024619999999,2.888943485,-2.206665966,0.212980980687,1.5169297819999998,0.592983617,0.7382193020000001,0.6424255520000001,-0.510189563,0.11799169,-1.792589758,-1.4804875419999999,-0.8470127470000001,-0.282465920375,-0.800660932,0.509550351,1.921735627,-0.340232911,0.215988861
46,-1.632841592,-2.729437522,-2.89791722,-0.8318240790000001,-2.1175901969999997,-3.016148587,-0.74019477,0.119938426,-4.431969208,-3.6989347319999997,-2.5846040969999997,-3.6102612069999998,0.669714283,-3.11073368,-0.24066724399999997,0.651979578,0.36526851299999996,-0.33820812200000006,-2.498886356,-1.822011779,0.424384196,-4.564979496,0.941646427,-1.251545433,3.1643961289999996,-1.156960339,-0.042629704000000004,-0.9500554459999999,-0.817045158,-0.27318087,0.11402685800000001,-1.975712556,-1.425936699,-2.64371978,-0.033762351,0.708139477,-0.619007619,-0.70472536,1.9998171630000001,0.601731247,-1.585549045,0.667795718583,1.317031018,-0.370653859546,-0.556936151,-0.630830755,-1.266324354,-0.828868295,-0.905707749296,-1.094888871,0.004662843,1.228357493,-1.807232858,-0.9057186840000001,0.531795463688,-2.2831141109999997,-2.7028354639999996,0.07264587900000001,-0.496086313975,0.21452352,-2.673277622,0.19087724600000003,-0.5332898770000001,-4.990612418
47,-2.1938406219999997,-0.16113363,-3.428153376,-3.7740452419999997,1.423809235,0.890756702,-3.86170277,-3.245730954,-1.5375937259999999,-3.394985663,2.447270098,-2.1180287069999997,0.01891967,-2.954328903,0.22266419399999998,4.527359538,-1.6726337009999999,-0.464381293,-1.6702645790000001,-1.990096099,-0.118489427,2.00898246,-0.457273926,-1.459412688,3.672106363,-2.989865738,0.033134404,0.014181425,2.996906488,-0.914514543,-0.22983817899999998,-1.933237162,0.585139916,1.568325699,0.177650869,-4.245500594,0.014181425,0.035503527,-5.266592335,-2.707940176,-1.298312367,-1.002172071,-0.154026263,0.208904894547,1.90947932,-2.7505843789999997,-0.9287292770000001,-2.174887643,6.427395678,1.28876926,-2.217531846,-3.9920044999999997,-0.24168379,0.713153042142,-1.544701093,0.18949648100000002,2.77894723,2.6012630519999997,1.414332745,-0.6231124920000001,-0.13507328400000002,-3.76219963,2.8286987989999997,-0.104274693
48,0.429608977,-0.172221275,0.350635776,-3.6524885260000004,-0.18856055800000002,0.963358884,-3.7314617269999997,-2.467890518,-2.672131554,-4.54842587,0.933403532,-0.47449800799999997,-0.700524755,-3.63342603,-0.891149722,-1.035480054,-0.5915962020000001,-0.117756999,0.7019303579999999,2.251439017,0.100100106,0.6692517920000001,-1.343203214,-0.41731051799999996,-1.253337158,-0.80400688,0.407823266,0.184519734,0.5358143160000001,-0.068739151,-1.60463174,-0.37101588399999996,-0.466328367,0.99603745,1.412689163,-1.5447210359999999,-0.006105233000000001,-0.439096229,-5.553291767,-1.874229907,-0.580703347,4.122286905,0.023850119,-0.732283327175,1.527064143,0.50313575,1.676840902,1.162153492,0.260769721,0.375144701,0.051082257,1.527064143,0.720992855,-0.00879442025833,1.01782316,5.889652669,-0.47994443600000003,0.061975112,2.278671155,0.7100999990000001,3.299876334,-0.921105073,-1.266953228,-1.193426455
49,0.9838173590000001,0.8237474090000001,0.473763958,-0.332011894,0.671816608,0.09936305699999999,-0.348290194,0.666390508,-2.304399248,-2.339668898,1.57797531,0.42764210799999997,0.46291175799999995,-1.867598197,1.29310506,-1.542032197,-1.007561345,-0.10954179300000001,-0.332011894,-1.523040846,-0.25333344399999996,-3.6717764510000004,2.7472998630000003,-0.7562516408,3.938328815,0.468337858,1.038078359,0.294702657,-0.437820844,-1.029265745,0.15362405699999998,-0.574600656,0.9512607590000001,-0.527351494,-0.766099895,-5.009310104,1.005521759,0.45748565799999996,-2.1253379480000003,-1.7265195969999998,0.5808180288,1.64308851,1.860132511,2.497699262,0.35167670799999995,-0.074272143,2.142289711,0.731503708,1.22001258157,1.43418366,0.658251358,-1.59916323924,0.552442408,-0.458732918133,-0.812221745,-3.652785101,0.9566868590000001,-1.3819622459999998,0.5280249579999999,0.7776255590000001,-0.416116444,-0.5788994439999999,2.074463461,0.910565009
50,-0.358817156,0.108930351,0.269542446,-3.695040338,1.052878632,-0.733578713,-3.4386245360000003,-3.427353512,-1.209779488,-3.3850871710000003,-2.3312464019999997,-2.04665304,-0.294008767,-0.956181442,2.278602521,-2.782087373,-1.2125972440000001,-0.41235452200000006,-1.423928949,-4.233231746,-0.575784373,2.1743455469999997,-0.381359205,-0.2863435203,-1.401386901,-0.93645715,0.069481766,0.33153308,4.23412523,2.8167939289999997,-1.4774663140000002,-0.836609591833,1.326200971,1.672784967,-0.646228275,-1.632442898,0.579495613,0.17373874,-3.6161431680000002,-0.525064764,0.6045335588,-0.040410721000000004,-0.23201813300000002,-1.240774805,1.78549521,-2.038199771,-1.423928949,-1.10834027,2.03317771608,1.8700278909999999,-1.9452138209999998,-1.3520204244100003,-0.088312574,-0.0438263617611,0.5879488820000001,-1.336578511,0.934532878,0.6696638079999999,0.627397467,1.267028093,0.706294636,-0.23201813300000002,-0.894190809,0.413248006
51,0.09085960300000001,0.18891523,1.294576953,-2.80685323,-1.180482316,-0.186401134,-5.05198896,-3.202456965,5.767942272000001,-0.24726324800000002,-3.5270549019999997,2.657212043,-0.051151994000000006,2.133121623,1.176233955,-1.687666593,-0.189782363,0.219346287,0.5338005379999999,-0.095107965,0.851636018,-0.179638677,-0.412943445,3.7730174510000003,2.961522608,2.183840051,0.719768106,0.351214199,0.5338005379999999,-1.312350228,-1.001277205,-0.379131159,0.6386186220000001,0.459413511,-0.007196023,-1.180482316,0.466175968,0.956454102,1.152565356,-1.173719859,4.168621186,-0.09624485466669999,0.618331251,-0.654291049462,0.932785502,0.8347298759999999,1.254002211,-1.62680448,0.600402146954,-1.508461482,2.6436871280000003,0.229489972,-0.108632879,-1.275156715,-0.628669639093,0.28697141525,-0.997895977,-2.4957802069999997,-0.49747415700000003,-0.17287622,-0.13568270699999999,0.628333225267,0.070572232,0.513513167
52,-0.649156914,0.699468105,-3.4651977560000002,-3.507123922,-2.095609654,-1.050949342,-6.3895478610000005,-3.88445942,-1.606471046,-1.0928755079999999,3.742609015,-2.797872941,-0.16351215300000002,-3.531580853,0.7064557990000001,5.688681904,-0.35916759600000003,-0.240376792,-1.623940282,-1.4771987,0.276712594,-1.078900119,0.800789674,-1.662372601,-3.1961715219999998,-3.7796440039999997,-0.715540011,-0.816861579,3.417681225,-0.719033858,0.640072702,-3.678322435,-0.981072398,1.4541391000000001,1.020902047,-0.8832446759999999,-1.148777063,-1.3549140480000001,-2.846786802,-1.774175712,-1.32696327,1.4846454608300002,-2.224882,-0.6903783782549999,2.306637816,-2.983046842,-1.686829532,-2.0397080990000003,-0.19519433362100003,1.904845388,-4.104571793,-2.385598971,0.695974258,-0.373142985,-0.109905959,1.95109428125,1.7650915,1.0802974490000001,-1.047455494,2.669997925,-0.177487542,-1.2369843108299998,0.053106373,-0.921676995
53,-0.6329080460000001,-0.136418035,3.8586715839999997,-4.495600329,-2.512950219,-0.457481575,-0.41114250799999996,-1.3677132619999999,-2.407032351,3.3390120389999995,-6.352472969,3.332392173,-0.17282730300000002,-3.280854769,-1.7417357359999999,-5.50843995,0.595077247,0.029078635,0.998889123,4.335301994,-0.176137236,1.449040066,-3.4529713060000002,1.5781274680000001,-6.044649162000001,0.346832242,-0.202616703,-0.48065110899999997,-6.332613368,0.287253441,-3.605228243,2.60089689,-0.28489836274999997,1.670805604,0.187955438,-0.38797297399999997,0.164785905,0.25746404,0.221054773,2.825972362,2.11433668,-4.5617989969999995,2.418850553,4.550447665,-3.79720438,0.141616371,-0.106628635,0.9029010540000001,3.2330941710000003,-0.629598112,-1.331303994,0.936000388,0.631486515,2.485049221,0.92964722845,-0.92904852175,-0.4192708315,-4.250665257,-1.81119546692,-1.996600608,2.872311429,-0.431002108,-3.347053437,0.08865743599999999
54,-2.885329038,1.067157005,-3.435149932,-2.781589247,-1.623161579,-0.9972648390000001,-3.189632426,-2.297470222,-4.804515175,-2.553361707,-0.616885605,-3.5250577510000003,0.213032725,-2.2421423330000003,2.65437581,-1.4225979830000002,0.30639853699999997,-0.350620141,-2.5568197,-2.456537901,0.47238220299999995,0.479298189,-1.322316185,-3.390196022,3.8681313669999997,-4.358434073,-0.073980698,-0.371368099,-2.632895546,-2.034662751,0.949585242,-1.744191335,-0.309124224,0.282192585,-0.651465535,0.558832029,-0.55464173,-0.568473702,4.424868246,0.417054314,-0.876235083,1.195102748,0.8596774229999999,-1.979334862,1.3472544419999999,-3.680667437,-2.9717788639999996,-1.080256672,-0.40940602200000004,0.939211263,-2.141860535,-3.5492637019999997,-0.08089668400000001,-0.0529341671667,0.113627180556,-0.7507406837999999,-1.460635906,-0.813991208,-0.052769406075,0.14387286400000002,-0.565015709,-0.976547927367,-0.7710420071999999,-1.924006973
55,-0.781776657,-0.72799682,-1.588474221,-3.732945245,-1.227701144,1.87584365,0.701650529,0.213150338,-2.531862205,-0.27759068,-4.665129096,0.154888847,-0.7257559929999999,-2.164366649,-2.8298921389999996,-4.411915694,-0.5039141629999999,0.75991202,-0.154345219,1.3089145290000002,-0.945356997,-0.060230503,-2.318983682,-1.725164642,-3.2310000939999997,-1.5772700880000001,0.968308891,0.35656323799999995,-3.506621762,0.127998928,0.6052949870000001,0.181778766,-0.36946456899999996,0.320710013,0.5649601089999999,-1.734127948,0.560478456,0.9010840940000001,1.860157864,-1.45850628,-1.122382295,-0.241737455,-0.573379787,0.22435447100000003,-2.668552626,-0.602510532,-1.043953366,-1.617604967,1.8310271180000002,-2.155403342,-0.183475964,-0.732478473,-0.887095506,0.553413174918,0.217123755,2.73667693213,-0.611473838,0.6904463959999999,0.46762789333300003,-0.598028879,0.7711161529999999,1.0225124214,-1.3459038316,-1.716201335
56,0.229658423,0.144661101,-0.441373071,-1.183981258,-3.219443458,1.079631649,-2.95103086,-1.649229761,-4.682292115,-5.152014161,-4.364670541000001,1.209364405,-0.284799056,-6.543286126,-0.530843937,-5.849886915,0.914110547,-0.150592757,-0.047701260999999995,-2.57077968,-0.53531748,-0.750047558,1.43304157,-1.613441414,0.677012753,1.169102515,0.6949069259999999,-0.052174804000000005,-3.514697315,-1.192928345,-0.54873811,0.623330233,-0.16848693,-0.387690552,-0.18190756,1.303308814,-0.12375149699999999,-0.150592757,-2.101057634,-0.745574015,-0.387690552,0.082031495,1.021475587,-3.608641724,-0.8305713379999999,2.94062566,-0.47716141700000003,-1.273452124,-0.253484253,2.202491017,0.140187557,-2.6557770019999998,0.014928345,-0.0211517694483,0.00630237814074,2.4374408344,0.511491651,-2.266578736,0.148539497139,2.457482984,-0.36084929200000004,0.0153283928333,-0.39876721176700003,-1.6850181069999999
57,-0.488477245,0.065358248,2.120019554,-5.818289185,2.2670252719999997,-0.905563234,-7.698594872999999,-5.3875282460000005,4.5678356860000005,-2.249127116,-6.741348341,0.253388817,0.041427085,4.2327994,-0.08506620699999999,-7.537914205,0.393557059,0.20552649,1.405503393,-2.73116912,0.020914659,-1.927765781,1.330291165,0.585006366,0.290994931,0.386719584,-0.013272717,-0.7585575170000001,-2.772193971,-0.126091058,-0.93975061,0.051683297999999996,-2.7824501839999995,1.422597081,-0.044041355,2.290956435,-0.447452394,-0.6423204379999999,-1.602985707,-0.06455378099999999,0.9166239140000001,1.320034953,-1.141456129,-1.585892019,0.448256861,1.4772968830000002,1.193541661,1.275591364,0.0443610399529,-0.28335298800000003,0.561075202,1.996945,-1.22692457,-1.41112538377,-4.970442257,-0.922656922,0.17817659,-0.300446676,-0.7585485153749999,-0.009853979,-4.553356268,0.896111488,-0.47904420200000003,-3.271329663
58,0.185080345,0.647982197,2.6958599889999997,0.78129793,0.32950572300000003,0.625762908,-4.25877743,-2.818226868,-2.018332468,0.6516854120000001,-8.598945191,1.318264078,-0.048222188,-2.777491505,-4.418015667,-5.6548894139999994,1.499721604,1.192354775,1.033116538,3.3328129360000003,0.918316878,4.847427795,-0.914774454,-0.022299684,-6.284435932999999,0.477634316,0.35542822700000004,-0.19635078,-4.4365317410000005,0.292473575,-1.88131352,0.385053945,2.38108673,0.851659012,1.296044789,-2.833039727,0.24803499699999998,0.244331782,4.902976017,2.6366085519999998,0.529479323,3.2809679289999996,1.292341575,0.922020093,-4.992013963,-1.855391016,0.17026748600000002,1.384921945,2.08125752479,-2.270151075,-1.185109135,1.892262374,-1.2036252090000001,0.9571810284639999,3.140245766,-2.6071436230000002,0.48874396,-1.29620558,-0.448386723967,0.836846153,-1.629494913,0.351725012,-2.80050499693,-1.007354824
59,2.249701721,1.817267861,3.5769410319999997,2.169867778,-1.70873131,0.7494888670000001,2.968207212,0.543251179,-5.421009682,-1.206442749,-5.311238009,2.9349430689999996,-0.547812715,-4.0538534,-5.567371911,-5.287953109,0.233894648,1.198554799,3.2642580860000003,2.44928658,-0.454673114,2.332862079,-1.92494824,3.60687876,-7.124133809,-0.853842832,0.99896994,0.154060705,-4.153645828999999,-1.326193664,-2.417257558,-0.6043617579999999,-0.507895743,0.8492812959999999,0.689613409,2.545752595,0.300422934,0.067573933,7.053043987000001,1.511237744,2.921637412,3.743261747,-0.737418331,-0.141338129796,-6.2692453310000005,2.376105465,2.781928011,6.836827057000001,2.8983525119999998,-3.694600654,2.49585638,2.722052553,-0.265067499,0.373604049,1.7307810890000002,0.006582990270829999,-1.342825736,-4.1835835580000005,-0.0178249042587,-1.41600685,-2.101248199,3.487127845,-3.584828982,-3.518300695
60,0.126062775,0.283456486,0.437189878,-4.98374234,-1.202632968,-1.114785315,-4.18945315,-4.200434106,-4.562805672,-3.113319408,-1.345385403,0.891069415,0.825183676,-5.997650662000001,-0.909807459,-4.998383616,0.137043732,-0.045972211,1.096047271,-0.477889835,0.986237705,-1.403950504,1.06676472,1.165593329,-2.330011173,2.541873217,-0.6828676909999999,-1.206293286,-2.545969986,-0.7926772559999999,-2.922982827,1.7109808380000002,0.40790732700000004,-1.0122963870000001,0.37130413799999995,-2.622836682,-0.551096212,-1.32342349,-1.4808172,-0.741432792,0.8032217629999999,-0.763394705,0.964275792,-0.855966927462,-0.961051923,0.466472428,1.213177474,1.6267935040000001,-0.17408337,-1.078182127,1.381552141,-0.064273805,0.7446566609999999,-0.119178588,0.440850196,1.59979370495,3.522838669,-0.9683725609999999,0.917482022912,-0.104537312,-0.9024868220000001,-0.408343777,-0.68652801,-1.3563663590000001
61,-0.5655451579999999,0.48043019,-0.781100888,-2.215783292,1.67835466,-1.4454365830000002,-2.689299159,-0.72102798,-3.6858027,-2.9861300010000003,4.632528279,-0.30051762,-0.42066343700000003,-3.54445468,0.893873149,2.568847187,-0.074360788,-0.8341063959999999,-0.646820269,1.275512803,-0.063759687,-0.212175108,1.363855316,-1.5514475980000002,-2.661029555,-1.91895245,-0.332320925,-0.37119163,0.466295388,0.293144064,-1.293487461,-0.236911011,-0.51253965,1.282580204,0.745457728,2.565313486,-0.996656619,-1.035527325,-2.901321189,-0.43833194,0.508699794,1.282580204,0.5193008960000001,-0.45129060109200003,0.791395835,-1.996693861,-0.8376400959999999,0.024582826000000002,-1.4701724859999998,-0.30405132100000004,-0.894179305,-0.996656619,-0.6786235740000001,-2.145109282,0.385020277,0.757565292333,1.46633263,-3.141612823,0.26772484346700004,-0.947184812,2.300285949,-3.035601808,-0.7280953809999999,-2.901321189
62,-1.18370531,-0.351992916,-1.3120724959999999,-2.6144645719999997,0.797963127,-1.151613513,-2.1999455340000003,-1.718568585,2.10302952,-3.0744469889999997,-3.8286042080000002,-1.92181663,-0.180836668,0.8835412509999999,1.461193589,-9.222700344,-0.009680419000000001,-0.491057368,-0.12467602400000001,0.48774242700000003,0.7150593190000001,-1.568806868,0.244379636,-0.6033786560000001,-6.593847343999999,-0.234322995,0.24705395300000002,-1.277306383,-5.861084656,-0.330598385,0.752499748,-1.30137523,0.557274653,-2.635859103,0.196241942,-3.363273158,-0.7344201579999999,-0.814649649,-0.9403425190000001,1.576189193,-2.5556296119999997,1.680487532,1.4371247409999999,1.257945544,2.279534401,-0.060492431,-1.659733625,-0.015029052,-0.118858569001,-2.9567770689999997,-1.48590306,-1.598224348,-0.15944213699999998,0.747151116,-0.6541906670000001,-0.29048363899999996,-1.77994331537,-0.114678250333,-2.256106178,-0.6675622489999999,-2.705391329,0.6615729920000001,4.640955763,-1.6022332035
63,2.2417275169999997,0.422742565,1.0231841990000001,3.7534276319999997,-1.413902435,-0.294255387,3.566231123,0.47572270899999997,-4.140613859,0.966672045,-6.881453321,3.156518007,0.28499419,-5.32383708,-5.41566933,-6.408164032,1.115016449,0.843051709,1.941506699,2.234663498,0.260270122,4.459829555,-2.063792205,1.334001046,-8.523837792,1.5494536319999999,0.051881555,-0.481451897,-7.503087012999999,-1.406838416,-2.279244791,0.881903815,0.33444232399999996,0.42627457399999996,-0.36489558,1.93444268,-0.195359118,-0.414343714,5.2474677000000005,-0.778140705,-0.057610743,-5.401541292,-0.513239983,-2.0390681369999997,-4.5821150610000005,1.733118132,2.0368709590000003,1.330469036,2.1291328778,-2.593593647,1.118548459,2.11810718,0.11898973800000001,0.5357668720000001,-0.061142753,1.281020901,-1.45989997694,-2.6746640309400003,0.33444232399999996,-1.7317833009999999,-0.287191368,1.9626987569999998,-5.952534792000001,-1.4470235265
64,-1.399735203,1.0116401309999998,-1.51330076,-1.1839606440000001,-2.660312889,-0.551779041,-1.3467379430000002,-0.49878178100000004,-2.421825219,-1.9032091740000001,-1.077966124,-0.684272192,-0.006664366,-2.770092928,4.104408809,-3.171357897,-0.014235403,0.561163421,-1.0514674940000002,-2.508892146,0.867790425,-2.081128547,2.109440519,-0.207296851,1.20091606,-1.4110917580000002,0.648230348,-0.010449885,2.117011556,-2.781449484,5.554262425,-0.37007415,-0.029377478,1.2652698759999998,-0.002878848,-2.050844398,0.042547375,0.258321934,0.920787685,-0.46849763299999997,0.731511757,1.000283576,-0.256508592,-0.916391297975,1.1630608740000001,-2.8268757069999997,-0.926545381,-1.062824049,0.03746459499319999,2.143510186,-1.149890977,-1.2710275709999999,-0.82055086,-0.881119158,0.489238568,-0.8633089096600001,3.0179649769999997,2.253290225,-0.100353091346,-0.082374738,-0.643010642667,-2.626243222,0.28167467255999995,-0.5639809096
65,1.189353877,-1.4618764169999998,-1.6800750169999998,-4.04741251,-1.8419643,-0.457693615,-2.822684887,-2.7827991219999997,0.9922712709999999,-1.098212085,1.123659675,-0.40607674200000005,-0.99732456,0.935961955,-0.316920325,3.115601728,0.20863329,-0.826050391,1.158852998,0.684916255,0.100707101,-2.043739349,1.562403096,3.2845296760000005,4.581990166000001,0.694301141,1.149468112,0.80222733,0.820997102,-1.0841347559999999,-0.9949783390000001,2.188844236,-0.145646156,-1.6472279159999998,1.1095823459999998,0.593413616,1.191700099,0.105399544,-1.09117342,-1.447799088,3.6176931289999996,-1.5651101630000002,0.159362639,-0.893660450034,0.36113768799999996,3.58719225,1.895566549,1.14712189,-0.319807595909,-0.659468664,2.925557787,2.212306451,0.7975348870000001,-5.807078634,0.9171921829999999,1.58008791,-3.385778047,1.947183422,-0.0773550279903,-0.126876384,-1.5227442225,2.378888177,-0.7911416976000001,-1.413363291
66,-0.5168581560000001,0.115682746,-2.851793087,4.855834931,-1.102544175,-2.262202494,5.7382685339999995,5.51961242,-2.258297921,1.025448363,-0.278679174,-2.5316180630000003,-0.10297336800000001,-1.863936001,1.1191581259999999,0.28748397800000003,0.45538063700000003,1.189440448,-0.17325569100000002,-0.551999317,1.372955401,-2.32467567,-0.313820335,-1.594520432,2.5209,-2.0357372330000003,-0.9463612370000001,-0.8331286059999999,0.228915376,-1.8209856930000001,-0.212301425,-0.790178298,0.29138855199999997,-1.453955787,0.08444615800000001,-1.85222228,0.556899547,-1.383673465,7.624177518,-0.134209956,-1.453955787,-3.2969144619999997,0.29138855199999997,-0.19669718566199998,-0.056118487,-0.587140478,-0.8526514740000001,-1.368055171,0.386116362939,-0.8721743409999999,0.7404145000000001,0.045400422999999995,-1.653089034,2.3334804730000003,3.934355594,-1.36463849563,1.490092605,0.998116349,-0.7259169435699999,-0.095164221,-1.27622299311,-2.9572165710000005,0.266855783927,-0.8374633617199999
67,-1.349875399,1.381508172,0.45518103600000004,-7.4497212820000005,-1.0020450509999999,0.828640988,-5.494548592,-5.1393955,-4.7732582919999995,-5.293173127,-3.4881166919999997,-0.749410378,0.213530479,-6.303711821,-1.280309329,-3.121979485,1.57189952,1.227730545,-0.13796124099999998,-3.048752043,-0.9105107490000001,-1.723335351,-1.324245794,-0.247802403,-2.173684116,-0.6981511690000001,0.451519664,-0.244141031,-1.31692305,-1.152161306,-0.793346843,-0.16725221699999998,0.6528951279999999,1.048323313,-0.006151846,-1.902742582,-0.19654319399999998,0.308726153,-2.451948394,2.7142476089999996,-0.438193751,2.201655518,0.7041543379999999,-0.733399246349,-0.19654319399999998,-2.071165698,-0.9105107490000001,-0.37961179799999994,-0.258786519,1.1069052659999998,-4.008031528,-1.236372864,-0.8079923309999999,-0.657876076,-0.30349344341,-1.324245794,-1.221727376,-0.29540024,-0.482130216,-0.277093379,-2.1297476509999997,-1.086256609,-1.1448385620000001,0.349001246
68,0.293751882,-0.101834521,0.039676062000000005,-5.945578368,0.27445498399999996,-3.0060176210000003,-3.610653749,-1.899662154,-4.308558215,-3.372658677,-1.565182595,-0.111482969,-0.08896992199999999,-3.1378797560000002,0.538179252,-1.864284509,0.374155622,1.027033994,1.1074377340000001,1.326135908,1.010953246,-1.02486946,1.576995577,0.789038922,-2.414246093,-0.413801033,-1.063463255,-1.02165331,-1.7838807680000002,-1.526588799,-0.011782331000000002,0.6539606379999999,0.001082267,0.715067481,0.769742025,-2.288816258,0.036459913,-1.8256907130000002,-0.6903899,1.650967019,-1.066679405,1.7860453019999998,0.6989867329999999,0.0187958478333,0.21334814100000002,2.374600682,0.9209010559999999,0.518882355,-0.407368734,-0.37199108799999997,0.419181717,-0.77400979,-0.19188671,-1.0050659986900001,0.659844027398,-0.268517348167,-0.510285522,-0.317316545,-1.465481957,1.101005435,-2.626511967,0.313048779,-0.86011400625,-1.2939988886700002
69,1.3595730519999998,-0.590198114,-1.177327273,-6.194612819,-1.224423195,-0.8193982670000001,-3.6482933089999996,-2.263673205,-1.770735889,-1.9591195769999998,-2.8319639960000003,2.304631218,-0.14121699199999999,0.841517912,-3.4222328839999996,-2.191459458,0.270087393,0.998504318,0.301484674,0.109961258,0.27636684899999997,-0.637294036,-1.620028939,2.358006596,-6.587078835,-1.984237402,-0.7283461509999999,-1.105113527,-4.003082587,-0.555661104,-1.058017605,0.45219162399999996,1.255962024,0.9388494829999999,0.54324374,-2.452056893,-0.935568208,-1.5478151919999998,5.039334416,1.3595730519999998,0.6405753120000001,1.94984194,0.012629686000000001,0.39691772182199997,-4.527417184,1.7018034180000001,0.590339662,1.610751302,2.244976384,-1.8680674609999999,3.5856402939999996,-0.88219283,-1.258960205,-0.692981876299,1.19291435877,-0.751849284474,1.6170307590000002,-0.618455667,-1.5069987269999998,-1.98737713,-1.742478336,0.618597215,-0.7559050066099999,-1.48157956742
70,-1.358786751,-0.818400655,-3.27831773,-2.701463861,0.043564896,-1.736725493,-0.430516157,0.23584951899999998,-3.62310395,-3.99772744,-1.5079730969999998,-2.432928439,-0.082414684,-2.469396212,0.14302246,0.527591706,0.375090108,1.495645326,-1.985369402,-2.280426841,1.150859105,-0.281329812,1.681299444,-1.305742717,-6.132749807000001,-3.437449832,-0.702366831,-0.864814185,-0.874759941,-0.897966706,3.12674937,-0.702366831,0.978465995,-0.158665483,0.302154562,-1.143295363,-0.874759941,-1.627322173,-0.609539772,0.9917270029999999,-1.033892043,1.992933144,-0.937749732,-0.510063859887,0.8359101529999999,-1.6107459119999998,0.35851384799999997,-1.531179862,-0.271384055,-0.583017755,-1.647213686,-1.478135828,-0.125512962,-0.8315379460819999,0.37552069358400003,-1.12455957593,1.93988911,0.288893553,-1.706888224,-1.1366648590000001,-1.292481709,-1.756617006,0.24389386575,-1.13115453078
71,7.709999999999999e-05,1.7105888459999998,-1.320639803,0.29127679300000003,-1.022561343,-1.325225626,-0.53417125,-0.7818056640000001,-3.3223513089999996,-0.373667464,-2.939435133,3.184930768,-0.025144957000000003,-2.1277445569999998,-2.41206555,-2.377671881,1.171754706,1.5753070830000002,-1.270195756,1.988031105,7.709999999999999e-05,-1.0026825884000001,0.011541623,0.889726625,-3.28795764,-2.464802508,-1.238094999,-1.419234986,-1.7929795169999998,-0.240678613,-0.90562287,0.169752498,-0.174184187,2.646096629,-1.5224159919999998,0.380700331,0.139944652,-0.813294625,4.436860301,1.490469368,0.6281256507999999,0.733808661,0.181217054,0.285071552301,-3.283371818,-1.435285365,-0.4667058018,0.15599503,1.414803297,-0.5583399165999999,-2.194238983,1.6211653080000001,-1.3321043590000001,-0.5554851056,1.67486003421,-1.76406733186,-0.4114742168,-1.001925142,-0.197113299,-0.018266223,-1.4949010569999999,-0.414939866,-0.06871027,-0.664391671344
72,0.944990311,-1.185901155,-0.918145159,-1.125656056,-1.768270446,-2.660790431,-0.24429257,-0.47411646700000004,-2.77904933,-2.540300233,3.2276101739999996,1.7683399969999998,0.773180213,-2.292625937,-1.460351051,-3.2654727219999997,-0.9739276590000001,-2.073958541,-0.28222467,-0.188510071,0.9003643109999999,-1.9818336701700001,-0.621382264,-0.585681465,1.380093803,1.5942986000000001,-1.315316553,-1.194826355,0.875820012,0.295682021,0.27783162100000003,0.17742312300000002,-0.351394969,-1.384486852,0.565669317,1.317617405,-1.3487860530000002,-0.985069425167,-0.012237373999999999,-1.48043275,0.07842776433330001,-2.9106960269999997,-1.554065649,-0.62029448542,1.016391909,0.9382964109999999,1.11363587817,-0.10372067300000001,-0.6927838629999999,-1.25686445783,1.0654805090000001,-2.6384774319999997,-0.7864984620000001,-1.32574260966,0.399036592764,-0.13682461069399998,-1.7326254372,0.47864861799999997,-1.6299298480000002,0.534431117,-1.295234853,1.853129396,-0.08587027300000001,-1.9371206027799999
73,1.457488306,0.873563048,1.385987254,5.625403795,-2.5733835,0.241970422,3.2718275,2.166540405,-4.891209269,-1.7749550859999998,-3.7769845419999997,3.480372235,-1.5693895619999998,-3.809755857,-4.235782959,-5.606219788,0.927188837,2.261875141,0.9986898890000001,1.317465412,-0.19001510000000002,-1.0202044854,-1.634932193,0.501161736,-5.367882948,-2.2635456080000003,-1.292322985,-1.61705693,-4.319200853,-1.673661929,-1.19996746,-0.047012995999999994,-0.893108778,3.3075780260000003,-1.113570355,-1.691537192,0.17940700199999998,-1.1391905340000001,1.30256936,3.900440915,0.0964127378,0.974856205,-0.642855096,0.062418078303300005,-5.650907946,-0.46112325600000004,-0.0799467338,-0.642855096,3.399933552,-0.7770851711,-2.063938505,0.31347147399999997,-1.158258513,-0.983421621835,0.760986424481,-1.20385831999,0.16321646286699998,-1.337011143,-1.786871928,-1.027173251,-2.144377188,0.39391015799999995,1.0791285720000001,-1.1542977492
74,0.8432917959999999,1.3476839630000002,1.6444718109999998,0.5685217135,0.9545884655,-0.2490552925,2.0038364575,1.1730238309999999,-1.5931830565,1.302490946,-6.4523596625,2.229300569,0.193867204,-1.0717877409999998,-1.102962945,-4.266363568,1.956299035,2.162635776,2.1032150080000003,2.374939152,0.509035871,1.9727611005,-0.38889750100000003,1.371450221,-7.907157449,0.5230532495,-0.9325610675,-0.3004854855,-4.2075137510000005,-0.5659724525,-1.5976062325,0.76890697,0.8889857834999999,-1.5512307680000001,-0.44299790450000004,-0.524522002,0.0783122805,-0.570736583,-0.36829751899999996,0.8158783470000001,0.5004792505,0.626078557,0.9489525409999999,1.349030899,-1.4525439395,-0.617362533,1.487145538,5.0869649775,1.8422828735299999,-2.601508606,-0.0668003695,1.9559282130000002,-0.1977904545,0.923497958,1.025003994,-0.4542799985,-1.9196357819999998,-2.312280232,-1.8116503640000001,-0.347772422,1.6304196585,1.0628744025,0.74779413,-0.5312126229999999
75,-1.3803747585,-1.8949492485,-2.540605724,-4.9407948725,0.2786380455,-2.6023568825,-4.626985321,-4.5806489985,-2.9476840075,-3.62081672,2.2420696825,-2.45479243,-0.0436197825,-3.4519134605,0.409839761,3.831171303,-0.6210358539999999,-0.5429251660000001,-1.185823646,-1.1503023015,0.184173287,-1.956380697,1.0148453835,-1.4934800385,-3.6685695915,-0.5412646565,0.119227902,0.295166097,3.963391857,1.93230082,3.206289007,-0.756727011,-1.5386013965,-0.45717639299999996,0.5485559765,-2.481940291,0.222591294,-0.04726757349999999,-2.1660372065,1.3847260825,-0.8047309054999999,-3.514352831,0.728333276,-0.6237988870000001,1.9618256530000002,-1.5123378735,-2.0167043895,-0.22909121850000003,-0.975323657,0.560630124,-0.3700521545,-0.8957038734999999,1.107063817,0.159941026,0.191104587983,-0.39090433399999996,-0.1283339865,-2.2701973115,-1.7290258840000001,0.6489273725,-1.392214034,-1.3845107815,1.1715857170000001,0.184910291
76,0.40888830299999995,1.1032133554999999,-0.5487164925,-2.724234526,2.606157071,-0.2240244955,-2.5659003275,-1.9061844965,9.553206895,0.317432489,-2.8239103610000003,2.221575041,-0.117826288,8.972036913,0.43133292549999996,-4.587917377,0.580318724,0.380138721,-0.355886861,-1.918700619,0.149035345,-0.3981566605,-0.1850568645,0.0858837925,-6.095159198999999,-0.2686756695,-0.53545467,-1.211496422,-4.7903338135,0.4456299975,-1.3517758969999998,-0.557505784,0.649412883,0.466552733,-0.685185835,1.5045567995,-0.501207803,-0.7344646445,-2.7419892045,0.8556902615,-0.0754003825,-3.307995497,1.7676191305000002,-0.363021515,-0.6559187955,-2.331028136,0.6262435525,-1.433574799,1.7613533911,-0.504519106,0.0643189815,-0.3880838875,-0.058080862999999996,1.1210405045,0.09480754407410001,-0.47907372200000004,-1.070803783,-3.544202983,-1.07930830814,-0.866513602,0.7998067815000001,-1.5971560205000002,-0.153008649808,-0.6960981065
